start_time,away_team,home_team
2020-12-23 00:00:00+00:00,GOLDEN STATE WARRIORS,BROOKLYN NETS
2020-12-23 03:00:00+00:00,LOS ANGELES CLIPPERS,LOS ANGELES LAKERS
2020-12-24 00:00:00+00:00,CHARLOTTE HORNETS,CLEVELAND CAVALIERS
2020-12-24 00:00:00+00:00,NEW YORK KNICKS,INDIANA PACERS
2020-12-24 00:00:00+00:00,MIAMI HEAT,ORLANDO MAGIC
2020-12-24 00:00:00+00:00,WASHINGTON WIZARDS,PHILADELPHIA 76ERS
2020-12-24 00:30:00+00:00,NEW ORLEANS PELICANS,TORONTO RAPTORS
2020-12-24 00:30:00+00:00,MILWAUKEE BUCKS,BOSTON CELTICS
2020-12-24 01:00:00+00:00,ATLANTA HAWKS,CHICAGO BULLS
2020-12-24 01:00:00+00:00,SAN ANTONIO SPURS,MEMPHIS GRIZZLIES
2020-12-24 01:00:00+00:00,DETROIT PISTONS,MINNESOTA TIMBERWOLVES
2020-12-24 02:00:00+00:00,SACRAMENTO KINGS,DENVER NUGGETS
2020-12-24 03:00:00+00:00,UTAH JAZZ,PORTLAND TRAIL BLAZERS
2020-12-24 03:30:00+00:00,DALLAS MAVERICKS,PHOENIX SUNS
2020-12-25 17:00:00+00:00,NEW ORLEANS PELICANS,MIAMI HEAT
2020-12-25 19:30:00+00:00,GOLDEN STATE WARRIORS,MILWAUKEE BUCKS
2020-12-25 22:00:00+00:00,BROOKLYN NETS,BOSTON CELTICS
2020-12-26 01:00:00+00:00,DALLAS MAVERICKS,LOS ANGELES LAKERS
2020-12-26 03:30:00+00:00,LOS ANGELES CLIPPERS,DENVER NUGGETS
2020-12-26 22:00:00+00:00,ATLANTA HAWKS,MEMPHIS GRIZZLIES
2020-12-27 00:00:00+00:00,OKLAHOMA CITY THUNDER,CHARLOTTE HORNETS
2020-12-27 00:00:00+00:00,CLEVELAND CAVALIERS,DETROIT PISTONS
2020-12-27 00:00:00+00:00,ORLANDO MAGIC,WASHINGTON WIZARDS
2020-12-27 00:30:00+00:00,PHILADELPHIA 76ERS,NEW YORK KNICKS
2020-12-27 01:00:00+00:00,INDIANA PACERS,CHICAGO BULLS
2020-12-27 01:30:00+00:00,TORONTO RAPTORS,SAN ANTONIO SPURS
2020-12-27 02:00:00+00:00,MINNESOTA TIMBERWOLVES,UTAH JAZZ
2020-12-27 03:00:00+00:00,HOUSTON ROCKETS,PORTLAND TRAIL BLAZERS
2020-12-27 03:00:00+00:00,PHOENIX SUNS,SACRAMENTO KINGS
2020-12-27 20:30:00+00:00,DALLAS MAVERICKS,LOS ANGELES CLIPPERS
2020-12-28 00:00:00+00:00,SAN ANTONIO SPURS,NEW ORLEANS PELICANS
2020-12-28 00:00:00+00:00,ORLANDO MAGIC,WASHINGTON WIZARDS
2020-12-28 00:00:00+00:00,BROOKLYN NETS,CHARLOTTE HORNETS
2020-12-28 00:30:00+00:00,PHILADELPHIA 76ERS,CLEVELAND CAVALIERS
2020-12-28 00:30:00+00:00,MILWAUKEE BUCKS,NEW YORK KNICKS
2020-12-28 01:00:00+00:00,BOSTON CELTICS,INDIANA PACERS
2020-12-28 01:00:00+00:00,GOLDEN STATE WARRIORS,CHICAGO BULLS
2020-12-28 02:00:00+00:00,PHOENIX SUNS,SACRAMENTO KINGS
2020-12-28 03:00:00+00:00,MINNESOTA TIMBERWOLVES,LOS ANGELES LAKERS
2020-12-29 00:30:00+00:00,MEMPHIS GRIZZLIES,BROOKLYN NETS
2020-12-29 00:30:00+00:00,DETROIT PISTONS,ATLANTA HAWKS
2020-12-29 01:00:00+00:00,UTAH JAZZ,OKLAHOMA CITY THUNDER
2020-12-29 02:00:00+00:00,HOUSTON ROCKETS,DENVER NUGGETS
2020-12-29 03:00:00+00:00,PORTLAND TRAIL BLAZERS,LOS ANGELES LAKERS
2020-12-30 00:00:00+00:00,NEW YORK KNICKS,CLEVELAND CAVALIERS
2020-12-30 00:00:00+00:00,GOLDEN STATE WARRIORS,DETROIT PISTONS
2020-12-30 00:00:00+00:00,BOSTON CELTICS,INDIANA PACERS
2020-12-30 00:00:00+00:00,CHICAGO BULLS,WASHINGTON WIZARDS
2020-12-30 00:00:00+00:00,TORONTO RAPTORS,PHILADELPHIA 76ERS
2020-12-30 00:30:00+00:00,MILWAUKEE BUCKS,MIAMI HEAT
2020-12-30 01:00:00+00:00,ORLANDO MAGIC,OKLAHOMA CITY THUNDER
2020-12-30 03:00:00+00:00,NEW ORLEANS PELICANS,PHOENIX SUNS
2020-12-30 03:00:00+00:00,DENVER NUGGETS,SACRAMENTO KINGS
2020-12-30 03:00:00+00:00,MINNESOTA TIMBERWOLVES,LOS ANGELES CLIPPERS
2020-12-31 00:30:00+00:00,MILWAUKEE BUCKS,MIAMI HEAT
2020-12-31 00:30:00+00:00,ATLANTA HAWKS,BROOKLYN NETS
2020-12-31 00:30:00+00:00,MEMPHIS GRIZZLIES,BOSTON CELTICS
2020-12-31 01:30:00+00:00,CHARLOTTE HORNETS,DALLAS MAVERICKS
2020-12-31 01:30:00+00:00,LOS ANGELES LAKERS,SAN ANTONIO SPURS
2020-12-31 03:00:00+00:00,PORTLAND TRAIL BLAZERS,LOS ANGELES CLIPPERS
2020-12-31 20:00:00+00:00,CLEVELAND CAVALIERS,INDIANA PACERS
2020-12-31 22:00:00+00:00,CHICAGO BULLS,WASHINGTON WIZARDS
2020-12-31 23:30:00+00:00,PHILADELPHIA 76ERS,ORLANDO MAGIC
2021-01-01 00:00:00+00:00,SACRAMENTO KINGS,HOUSTON ROCKETS
2021-01-01 00:30:00+00:00,NEW YORK KNICKS,TORONTO RAPTORS
2021-01-01 01:00:00+00:00,NEW ORLEANS PELICANS,OKLAHOMA CITY THUNDER
2021-01-01 02:00:00+00:00,PHOENIX SUNS,UTAH JAZZ
2021-01-02 00:00:00+00:00,MEMPHIS GRIZZLIES,CHARLOTTE HORNETS
2021-01-02 00:00:00+00:00,MIAMI HEAT,DALLAS MAVERICKS
2021-01-02 00:00:00+00:00,BOSTON CELTICS,DETROIT PISTONS
2021-01-02 00:30:00+00:00,ATLANTA HAWKS,BROOKLYN NETS
2021-01-02 01:00:00+00:00,CHICAGO BULLS,MILWAUKEE BUCKS
2021-01-02 01:00:00+00:00,WASHINGTON WIZARDS,MINNESOTA TIMBERWOLVES
2021-01-02 01:00:00+00:00,LOS ANGELES LAKERS,SAN ANTONIO SPURS
2021-01-02 02:00:00+00:00,PHOENIX SUNS,DENVER NUGGETS
2021-01-02 02:00:00+00:00,LOS ANGELES CLIPPERS,UTAH JAZZ
2021-01-02 03:30:00+00:00,PORTLAND TRAIL BLAZERS,GOLDEN STATE WARRIORS
2021-01-02 22:00:00+00:00,SACRAMENTO KINGS,HOUSTON ROCKETS
2021-01-03 00:00:00+00:00,NEW YORK KNICKS,INDIANA PACERS
2021-01-03 00:00:00+00:00,OKLAHOMA CITY THUNDER,ORLANDO MAGIC
2021-01-03 00:00:00+00:00,CHARLOTTE HORNETS,PHILADELPHIA 76ERS
2021-01-03 00:30:00+00:00,CLEVELAND CAVALIERS,ATLANTA HAWKS
2021-01-03 00:30:00+00:00,TORONTO RAPTORS,NEW ORLEANS PELICANS
2021-01-03 20:00:00+00:00,BOSTON CELTICS,DETROIT PISTONS
2021-01-03 23:00:00+00:00,WASHINGTON WIZARDS,BROOKLYN NETS
2021-01-03 23:00:00+00:00,LOS ANGELES LAKERS,MEMPHIS GRIZZLIES
2021-01-04 00:00:00+00:00,DENVER NUGGETS,MINNESOTA TIMBERWOLVES
2021-01-04 00:00:00+00:00,UTAH JAZZ,SAN ANTONIO SPURS
2021-01-04 01:00:00+00:00,DALLAS MAVERICKS,CHICAGO BULLS
2021-01-04 01:00:00+00:00,LOS ANGELES CLIPPERS,PHOENIX SUNS
2021-01-04 01:30:00+00:00,PORTLAND TRAIL BLAZERS,GOLDEN STATE WARRIORS
2021-01-05 00:00:00+00:00,CLEVELAND CAVALIERS,ORLANDO MAGIC
2021-01-05 00:00:00+00:00,CHARLOTTE HORNETS,PHILADELPHIA 76ERS
2021-01-05 00:30:00+00:00,NEW YORK KNICKS,ATLANTA HAWKS
2021-01-05 00:30:00+00:00,OKLAHOMA CITY THUNDER,MIAMI HEAT
2021-01-05 00:30:00+00:00,BOSTON CELTICS,TORONTO RAPTORS
2021-01-05 01:00:00+00:00,DALLAS MAVERICKS,HOUSTON ROCKETS
2021-01-05 01:00:00+00:00,DETROIT PISTONS,MILWAUKEE BUCKS
2021-01-05 01:00:00+00:00,INDIANA PACERS,NEW ORLEANS PELICANS
2021-01-05 03:00:00+00:00,SACRAMENTO KINGS,GOLDEN STATE WARRIORS
2021-01-06 00:30:00+00:00,UTAH JAZZ,BROOKLYN NETS
2021-01-06 01:00:00+00:00,LOS ANGELES LAKERS,MEMPHIS GRIZZLIES
2021-01-06 02:00:00+00:00,MINNESOTA TIMBERWOLVES,DENVER NUGGETS
2021-01-06 03:00:00+00:00,SAN ANTONIO SPURS,LOS ANGELES CLIPPERS
2021-01-06 03:30:00+00:00,CHICAGO BULLS,PORTLAND TRAIL BLAZERS
2021-01-07 00:00:00+00:00,HOUSTON ROCKETS,INDIANA PACERS
2021-01-07 00:00:00+00:00,CLEVELAND CAVALIERS,ORLANDO MAGIC
2021-01-07 00:00:00+00:00,WASHINGTON WIZARDS,PHILADELPHIA 76ERS
2021-01-07 00:30:00+00:00,CHARLOTTE HORNETS,ATLANTA HAWKS
2021-01-07 00:30:00+00:00,BOSTON CELTICS,MIAMI HEAT
2021-01-07 00:30:00+00:00,UTAH JAZZ,NEW YORK KNICKS
2021-01-07 01:00:00+00:00,DETROIT PISTONS,MILWAUKEE BUCKS
2021-01-07 01:00:00+00:00,OKLAHOMA CITY THUNDER,NEW ORLEANS PELICANS
2021-01-07 02:00:00+00:00,TORONTO RAPTORS,PHOENIX SUNS
2021-01-07 03:00:00+00:00,LOS ANGELES CLIPPERS,GOLDEN STATE WARRIORS
2021-01-07 03:00:00+00:00,CHICAGO BULLS,SACRAMENTO KINGS
2021-01-08 00:30:00+00:00,PHILADELPHIA 76ERS,BROOKLYN NETS
2021-01-08 01:00:00+00:00,CLEVELAND CAVALIERS,MEMPHIS GRIZZLIES
2021-01-08 03:00:00+00:00,DALLAS MAVERICKS,DENVER NUGGETS
2021-01-08 03:00:00+00:00,SAN ANTONIO SPURS,LOS ANGELES LAKERS
2021-01-08 03:00:00+00:00,MINNESOTA TIMBERWOLVES,PORTLAND TRAIL BLAZERS
2021-01-09 00:00:00+00:00,PHOENIX SUNS,DETROIT PISTONS
2021-01-09 00:30:00+00:00,WASHINGTON WIZARDS,BOSTON CELTICS
2021-01-09 00:30:00+00:00,CHARLOTTE HORNETS,NEW ORLEANS PELICANS
2021-01-09 00:30:00+00:00,OKLAHOMA CITY THUNDER,NEW YORK KNICKS
2021-01-09 01:00:00+00:00,ORLANDO MAGIC,HOUSTON ROCKETS
2021-01-09 01:00:00+00:00,BROOKLYN NETS,MEMPHIS GRIZZLIES
2021-01-09 01:00:00+00:00,UTAH JAZZ,MILWAUKEE BUCKS
2021-01-09 03:00:00+00:00,LOS ANGELES CLIPPERS,GOLDEN STATE WARRIORS
2021-01-09 03:00:00+00:00,CHICAGO BULLS,LOS ANGELES LAKERS
2021-01-09 03:00:00+00:00,TORONTO RAPTORS,SACRAMENTO KINGS
2021-01-09 20:00:00+00:00,DENVER NUGGETS,PHILADELPHIA 76ERS
2021-01-10 00:00:00+00:00,ATLANTA HAWKS,CHARLOTTE HORNETS
2021-01-10 00:00:00+00:00,PHOENIX SUNS,INDIANA PACERS
2021-01-10 00:00:00+00:00,MIAMI HEAT,WASHINGTON WIZARDS
2021-01-10 01:00:00+00:00,CLEVELAND CAVALIERS,MILWAUKEE BUCKS
2021-01-10 01:00:00+00:00,SAN ANTONIO SPURS,MINNESOTA TIMBERWOLVES
2021-01-10 01:30:00+00:00,ORLANDO MAGIC,DALLAS MAVERICKS
2021-01-10 03:00:00+00:00,PORTLAND TRAIL BLAZERS,SACRAMENTO KINGS
2021-01-10 20:00:00+00:00,UTAH JAZZ,DETROIT PISTONS
2021-01-10 21:00:00+00:00,CHICAGO BULLS,LOS ANGELES CLIPPERS
2021-01-10 23:00:00+00:00,OKLAHOMA CITY THUNDER,BROOKLYN NETS
2021-01-10 23:00:00+00:00,DENVER NUGGETS,NEW YORK KNICKS
2021-01-11 00:00:00+00:00,MIAMI HEAT,BOSTON CELTICS
2021-01-11 00:00:00+00:00,LOS ANGELES LAKERS,HOUSTON ROCKETS
2021-01-11 01:00:00+00:00,SAN ANTONIO SPURS,MINNESOTA TIMBERWOLVES
2021-01-11 01:30:00+00:00,TORONTO RAPTORS,GOLDEN STATE WARRIORS
2021-01-12 00:00:00+00:00,NEW YORK KNICKS,CHARLOTTE HORNETS
2021-01-12 00:00:00+00:00,MEMPHIS GRIZZLIES,CLEVELAND CAVALIERS
2021-01-12 00:00:00+00:00,MILWAUKEE BUCKS,ORLANDO MAGIC
2021-01-12 00:00:00+00:00,PHOENIX SUNS,WASHINGTON WIZARDS
2021-01-12 00:30:00+00:00,PHILADELPHIA 76ERS,ATLANTA HAWKS
2021-01-12 01:30:00+00:00,NEW ORLEANS PELICANS,DALLAS MAVERICKS
2021-01-12 03:00:00+00:00,TORONTO RAPTORS,PORTLAND TRAIL BLAZERS
2021-01-12 03:00:00+00:00,INDIANA PACERS,SACRAMENTO KINGS
2021-01-13 00:00:00+00:00,MIAMI HEAT,PHILADELPHIA 76ERS
2021-01-13 00:30:00+00:00,DENVER NUGGETS,BROOKLYN NETS
2021-01-13 00:30:00+00:00,UTAH JAZZ,CLEVELAND CAVALIERS
2021-01-13 01:00:00+00:00,BOSTON CELTICS,CHICAGO BULLS
2021-01-13 01:00:00+00:00,LOS ANGELES LAKERS,HOUSTON ROCKETS
2021-01-13 01:00:00+00:00,SAN ANTONIO SPURS,OKLAHOMA CITY THUNDER
2021-01-13 03:30:00+00:00,INDIANA PACERS,GOLDEN STATE WARRIORS
2021-01-14 00:00:00+00:00,DALLAS MAVERICKS,CHARLOTTE HORNETS
2021-01-14 00:00:00+00:00,MILWAUKEE BUCKS,DETROIT PISTONS
2021-01-14 00:00:00+00:00,UTAH JAZZ,WASHINGTON WIZARDS
2021-01-14 00:30:00+00:00,ORLANDO MAGIC,BOSTON CELTICS
2021-01-14 00:30:00+00:00,BROOKLYN NETS,NEW YORK KNICKS
2021-01-14 01:00:00+00:00,MEMPHIS GRIZZLIES,MINNESOTA TIMBERWOLVES
2021-01-14 01:00:00+00:00,LOS ANGELES LAKERS,OKLAHOMA CITY THUNDER
2021-01-14 02:00:00+00:00,ATLANTA HAWKS,PHOENIX SUNS
2021-01-14 03:00:00+00:00,NEW ORLEANS PELICANS,LOS ANGELES CLIPPERS
2021-01-14 03:00:00+00:00,PORTLAND TRAIL BLAZERS,SACRAMENTO KINGS
2021-01-15 00:30:00+00:00,MIAMI HEAT,PHILADELPHIA 76ERS
2021-01-15 00:30:00+00:00,CHARLOTTE HORNETS,TORONTO RAPTORS
2021-01-15 01:30:00+00:00,HOUSTON ROCKETS,SAN ANTONIO SPURS
2021-01-15 03:00:00+00:00,GOLDEN STATE WARRIORS,DENVER NUGGETS
2021-01-15 03:00:00+00:00,INDIANA PACERS,PORTLAND TRAIL BLAZERS
2021-01-16 00:00:00+00:00,WASHINGTON WIZARDS,DETROIT PISTONS
2021-01-16 00:30:00+00:00,ORLANDO MAGIC,BOSTON CELTICS
2021-01-16 00:30:00+00:00,NEW YORK KNICKS,CLEVELAND CAVALIERS
2021-01-16 00:30:00+00:00,DALLAS MAVERICKS,MILWAUKEE BUCKS
2021-01-16 01:00:00+00:00,MEMPHIS GRIZZLIES,MINNESOTA TIMBERWOLVES
2021-01-16 01:00:00+00:00,CHICAGO BULLS,OKLAHOMA CITY THUNDER
2021-01-16 02:00:00+00:00,GOLDEN STATE WARRIORS,PHOENIX SUNS
2021-01-16 02:00:00+00:00,ATLANTA HAWKS,UTAH JAZZ
2021-01-16 03:00:00+00:00,NEW ORLEANS PELICANS,LOS ANGELES LAKERS
2021-01-16 03:00:00+00:00,LOS ANGELES CLIPPERS,SACRAMENTO KINGS
2021-01-16 22:00:00+00:00,HOUSTON ROCKETS,SAN ANTONIO SPURS
2021-01-16 23:00:00+00:00,ORLANDO MAGIC,BROOKLYN NETS
2021-01-17 00:30:00+00:00,CHARLOTTE HORNETS,TORONTO RAPTORS
2021-01-17 01:00:00+00:00,PHILADELPHIA 76ERS,MEMPHIS GRIZZLIES
2021-01-17 01:00:00+00:00,DETROIT PISTONS,MIAMI HEAT
2021-01-17 02:00:00+00:00,INDIANA PACERS,PHOENIX SUNS
2021-01-17 03:00:00+00:00,ATLANTA HAWKS,PORTLAND TRAIL BLAZERS
2021-01-17 18:00:00+00:00,NEW YORK KNICKS,BOSTON CELTICS
2021-01-17 19:00:00+00:00,CLEVELAND CAVALIERS,WASHINGTON WIZARDS
2021-01-17 20:00:00+00:00,CHICAGO BULLS,DALLAS MAVERICKS
2021-01-18 00:00:00+00:00,PHILADELPHIA 76ERS,OKLAHOMA CITY THUNDER
2021-01-18 01:00:00+00:00,UTAH JAZZ,DENVER NUGGETS
2021-01-18 02:00:00+00:00,NEW ORLEANS PELICANS,SACRAMENTO KINGS
2021-01-18 03:00:00+00:00,INDIANA PACERS,LOS ANGELES CLIPPERS
2021-01-18 17:00:00+00:00,ORLANDO MAGIC,NEW YORK KNICKS
2021-01-18 19:00:00+00:00,CLEVELAND CAVALIERS,WASHINGTON WIZARDS
2021-01-18 19:30:00+00:00,MINNESOTA TIMBERWOLVES,ATLANTA HAWKS
2021-01-18 20:00:00+00:00,DETROIT PISTONS,MIAMI HEAT
2021-01-18 20:00:00+00:00,SAN ANTONIO SPURS,PORTLAND TRAIL BLAZERS
2021-01-18 22:00:00+00:00,PHOENIX SUNS,MEMPHIS GRIZZLIES
2021-01-19 00:30:00+00:00,MILWAUKEE BUCKS,BROOKLYN NETS
2021-01-19 00:30:00+00:00,DALLAS MAVERICKS,TORONTO RAPTORS
2021-01-19 01:00:00+00:00,HOUSTON ROCKETS,CHICAGO BULLS
2021-01-19 03:00:00+00:00,GOLDEN STATE WARRIORS,LOS ANGELES LAKERS
2021-01-20 02:00:00+00:00,OKLAHOMA CITY THUNDER,DENVER NUGGETS
2021-01-20 02:00:00+00:00,NEW ORLEANS PELICANS,UTAH JAZZ
2021-01-21 00:00:00+00:00,WASHINGTON WIZARDS,CHARLOTTE HORNETS
2021-01-21 00:00:00+00:00,BROOKLYN NETS,CLEVELAND CAVALIERS
2021-01-21 00:00:00+00:00,DALLAS MAVERICKS,INDIANA PACERS
2021-01-21 00:00:00+00:00,BOSTON CELTICS,PHILADELPHIA 76ERS
2021-01-21 00:30:00+00:00,DETROIT PISTONS,ATLANTA HAWKS
2021-01-21 00:30:00+00:00,MIAMI HEAT,TORONTO RAPTORS
2021-01-21 01:00:00+00:00,ORLANDO MAGIC,MINNESOTA TIMBERWOLVES
2021-01-21 02:30:00+00:00,PHOENIX SUNS,HOUSTON ROCKETS
2021-01-21 03:00:00+00:00,SAN ANTONIO SPURS,GOLDEN STATE WARRIORS
2021-01-21 03:00:00+00:00,SACRAMENTO KINGS,LOS ANGELES CLIPPERS
2021-01-21 03:00:00+00:00,MEMPHIS GRIZZLIES,PORTLAND TRAIL BLAZERS
2021-01-22 00:30:00+00:00,LOS ANGELES LAKERS,MILWAUKEE BUCKS
2021-01-22 03:00:00+00:00,NEW YORK KNICKS,GOLDEN STATE WARRIORS
2021-01-22 03:00:00+00:00,NEW ORLEANS PELICANS,UTAH JAZZ
2021-01-23 00:00:00+00:00,CHICAGO BULLS,CHARLOTTE HORNETS
2021-01-23 00:00:00+00:00,HOUSTON ROCKETS,DETROIT PISTONS
2021-01-23 00:00:00+00:00,ORLANDO MAGIC,INDIANA PACERS
2021-01-23 00:30:00+00:00,BROOKLYN NETS,CLEVELAND CAVALIERS
2021-01-23 00:30:00+00:00,BOSTON CELTICS,PHILADELPHIA 76ERS
2021-01-23 00:30:00+00:00,MIAMI HEAT,TORONTO RAPTORS
2021-01-23 01:00:00+00:00,WASHINGTON WIZARDS,MILWAUKEE BUCKS
2021-01-23 01:00:00+00:00,ATLANTA HAWKS,MINNESOTA TIMBERWOLVES
2021-01-23 01:30:00+00:00,DALLAS MAVERICKS,SAN ANTONIO SPURS
2021-01-23 03:00:00+00:00,OKLAHOMA CITY THUNDER,LOS ANGELES CLIPPERS
2021-01-23 03:00:00+00:00,DENVER NUGGETS,PHOENIX SUNS
2021-01-23 03:00:00+00:00,MEMPHIS GRIZZLIES,PORTLAND TRAIL BLAZERS
2021-01-23 03:00:00+00:00,NEW YORK KNICKS,SACRAMENTO KINGS
2021-01-23 22:00:00+00:00,GOLDEN STATE WARRIORS,UTAH JAZZ
2021-01-24 00:00:00+00:00,PHILADELPHIA 76ERS,DETROIT PISTONS
2021-01-24 00:30:00+00:00,MIAMI HEAT,BROOKLYN NETS
2021-01-24 01:00:00+00:00,LOS ANGELES LAKERS,CHICAGO BULLS
2021-01-24 01:00:00+00:00,NEW ORLEANS PELICANS,MINNESOTA TIMBERWOLVES
2021-01-24 01:30:00+00:00,HOUSTON ROCKETS,DALLAS MAVERICKS
2021-01-24 02:00:00+00:00,DENVER NUGGETS,PHOENIX SUNS
2021-01-24 20:30:00+00:00,TORONTO RAPTORS,INDIANA PACERS
2021-01-24 21:00:00+00:00,CLEVELAND CAVALIERS,BOSTON CELTICS
2021-01-24 21:00:00+00:00,OKLAHOMA CITY THUNDER,LOS ANGELES CLIPPERS
2021-01-24 23:00:00+00:00,CHARLOTTE HORNETS,ORLANDO MAGIC
2021-01-25 00:00:00+00:00,WASHINGTON WIZARDS,SAN ANTONIO SPURS
2021-01-25 00:30:00+00:00,ATLANTA HAWKS,MILWAUKEE BUCKS
2021-01-25 01:00:00+00:00,SACRAMENTO KINGS,MEMPHIS GRIZZLIES
2021-01-25 02:00:00+00:00,NEW YORK KNICKS,PORTLAND TRAIL BLAZERS
2021-01-26 00:00:00+00:00,PHILADELPHIA 76ERS,DETROIT PISTONS
2021-01-26 00:00:00+00:00,TORONTO RAPTORS,INDIANA PACERS
2021-01-26 00:00:00+00:00,CHARLOTTE HORNETS,ORLANDO MAGIC
2021-01-26 00:30:00+00:00,MIAMI HEAT,BROOKLYN NETS
2021-01-26 00:30:00+00:00,LOS ANGELES LAKERS,CLEVELAND CAVALIERS
2021-01-26 01:00:00+00:00,BOSTON CELTICS,CHICAGO BULLS
2021-01-26 01:00:00+00:00,SACRAMENTO KINGS,MEMPHIS GRIZZLIES
2021-01-26 01:00:00+00:00,SAN ANTONIO SPURS,NEW ORLEANS PELICANS
2021-01-26 01:30:00+00:00,DENVER NUGGETS,DALLAS MAVERICKS
2021-01-26 03:00:00+00:00,MINNESOTA TIMBERWOLVES,GOLDEN STATE WARRIORS
2021-01-26 03:00:00+00:00,OKLAHOMA CITY THUNDER,PORTLAND TRAIL BLAZERS
2021-01-27 00:30:00+00:00,LOS ANGELES CLIPPERS,ATLANTA HAWKS
2021-01-27 01:00:00+00:00,WASHINGTON WIZARDS,HOUSTON ROCKETS
2021-01-27 02:00:00+00:00,NEW YORK KNICKS,UTAH JAZZ
2021-01-28 00:00:00+00:00,INDIANA PACERS,CHARLOTTE HORNETS
2021-01-28 00:00:00+00:00,DETROIT PISTONS,CLEVELAND CAVALIERS
2021-01-28 00:00:00+00:00,SACRAMENTO KINGS,ORLANDO MAGIC
2021-01-28 00:30:00+00:00,BROOKLYN NETS,ATLANTA HAWKS
2021-01-28 00:30:00+00:00,DENVER NUGGETS,MIAMI HEAT
2021-01-28 00:30:00+00:00,LOS ANGELES LAKERS,PHILADELPHIA 76ERS
2021-01-28 00:30:00+00:00,MILWAUKEE BUCKS,TORONTO RAPTORS
2021-01-28 01:00:00+00:00,CHICAGO BULLS,MEMPHIS GRIZZLIES
2021-01-28 01:00:00+00:00,WASHINGTON WIZARDS,NEW ORLEANS PELICANS
2021-01-28 01:30:00+00:00,BOSTON CELTICS,SAN ANTONIO SPURS
2021-01-28 02:00:00+00:00,OKLAHOMA CITY THUNDER,PHOENIX SUNS
2021-01-28 02:00:00+00:00,DALLAS MAVERICKS,UTAH JAZZ
2021-01-28 03:00:00+00:00,MINNESOTA TIMBERWOLVES,GOLDEN STATE WARRIORS
2021-01-29 00:00:00+00:00,LOS ANGELES LAKERS,DETROIT PISTONS
2021-01-29 00:00:00+00:00,LOS ANGELES CLIPPERS,MIAMI HEAT
2021-01-29 02:00:00+00:00,GOLDEN STATE WARRIORS,PHOENIX SUNS
2021-01-29 02:30:00+00:00,PORTLAND TRAIL BLAZERS,HOUSTON ROCKETS
2021-01-30 00:00:00+00:00,INDIANA PACERS,CHARLOTTE HORNETS
2021-01-30 00:00:00+00:00,LOS ANGELES CLIPPERS,ORLANDO MAGIC
2021-01-30 00:00:00+00:00,ATLANTA HAWKS,WASHINGTON WIZARDS
2021-01-30 00:30:00+00:00,MILWAUKEE BUCKS,NEW ORLEANS PELICANS
2021-01-30 00:30:00+00:00,CLEVELAND CAVALIERS,NEW YORK KNICKS
2021-01-30 00:30:00+00:00,SACRAMENTO KINGS,TORONTO RAPTORS
2021-01-30 01:00:00+00:00,PHILADELPHIA 76ERS,MINNESOTA TIMBERWOLVES
2021-01-30 01:00:00+00:00,BROOKLYN NETS,OKLAHOMA CITY THUNDER
2021-01-30 01:30:00+00:00,DENVER NUGGETS,SAN ANTONIO SPURS
2021-01-30 03:00:00+00:00,DALLAS MAVERICKS,UTAH JAZZ
2021-01-30 22:00:00+00:00,PORTLAND TRAIL BLAZERS,CHICAGO BULLS
2021-01-31 00:00:00+00:00,MILWAUKEE BUCKS,CHARLOTTE HORNETS
2021-01-31 00:00:00+00:00,HOUSTON ROCKETS,NEW ORLEANS PELICANS
2021-01-31 01:00:00+00:00,SACRAMENTO KINGS,MIAMI HEAT
2021-01-31 01:30:00+00:00,LOS ANGELES LAKERS,BOSTON CELTICS
2021-01-31 01:30:00+00:00,PHOENIX SUNS,DALLAS MAVERICKS
2021-01-31 01:30:00+00:00,DETROIT PISTONS,GOLDEN STATE WARRIORS
2021-01-31 01:30:00+00:00,MEMPHIS GRIZZLIES,SAN ANTONIO SPURS
2021-01-31 20:30:00+00:00,UTAH JAZZ,DENVER NUGGETS
2021-01-31 22:00:00+00:00,PHILADELPHIA 76ERS,INDIANA PACERS
2021-01-31 22:00:00+00:00,LOS ANGELES CLIPPERS,NEW YORK KNICKS
2021-01-31 23:00:00+00:00,ORLANDO MAGIC,TORONTO RAPTORS
2021-02-01 00:00:00+00:00,BROOKLYN NETS,WASHINGTON WIZARDS
2021-02-01 00:30:00+00:00,CLEVELAND CAVALIERS,MINNESOTA TIMBERWOLVES
2021-02-02 00:00:00+00:00,MINNESOTA TIMBERWOLVES,CLEVELAND CAVALIERS
2021-02-02 00:30:00+00:00,LOS ANGELES LAKERS,ATLANTA HAWKS
2021-02-02 00:30:00+00:00,CHARLOTTE HORNETS,MIAMI HEAT
2021-02-02 01:00:00+00:00,NEW YORK KNICKS,CHICAGO BULLS
2021-02-02 01:00:00+00:00,PORTLAND TRAIL BLAZERS,MILWAUKEE BUCKS
2021-02-02 01:00:00+00:00,SACRAMENTO KINGS,NEW ORLEANS PELICANS
2021-02-02 01:00:00+00:00,HOUSTON ROCKETS,OKLAHOMA CITY THUNDER
2021-02-02 01:30:00+00:00,PHOENIX SUNS,DALLAS MAVERICKS
2021-02-02 01:30:00+00:00,MEMPHIS GRIZZLIES,SAN ANTONIO SPURS
2021-02-02 02:00:00+00:00,DETROIT PISTONS,DENVER NUGGETS
2021-02-03 00:00:00+00:00,MEMPHIS GRIZZLIES,INDIANA PACERS
2021-02-03 00:00:00+00:00,TORONTO RAPTORS,ORLANDO MAGIC
2021-02-03 00:30:00+00:00,LOS ANGELES CLIPPERS,BROOKLYN NETS
2021-02-03 02:00:00+00:00,DETROIT PISTONS,UTAH JAZZ
2021-02-03 03:00:00+00:00,BOSTON CELTICS,GOLDEN STATE WARRIORS
2021-02-04 00:00:00+00:00,PHILADELPHIA 76ERS,CHARLOTTE HORNETS
2021-02-04 00:00:00+00:00,LOS ANGELES CLIPPERS,CLEVELAND CAVALIERS
2021-02-04 00:00:00+00:00,INDIANA PACERS,MILWAUKEE BUCKS
2021-02-04 00:30:00+00:00,DALLAS MAVERICKS,ATLANTA HAWKS
2021-02-04 00:30:00+00:00,WASHINGTON WIZARDS,MIAMI HEAT
2021-02-04 01:00:00+00:00,NEW YORK KNICKS,CHICAGO BULLS
2021-02-04 01:00:00+00:00,HOUSTON ROCKETS,OKLAHOMA CITY THUNDER
2021-02-04 01:30:00+00:00,MINNESOTA TIMBERWOLVES,SAN ANTONIO SPURS
2021-02-04 02:30:00+00:00,PHOENIX SUNS,NEW ORLEANS PELICANS
2021-02-04 03:00:00+00:00,BOSTON CELTICS,SACRAMENTO KINGS
2021-02-05 00:00:00+00:00,PORTLAND TRAIL BLAZERS,PHILADELPHIA 76ERS
2021-02-05 00:30:00+00:00,UTAH JAZZ,ATLANTA HAWKS
2021-02-05 00:30:00+00:00,GOLDEN STATE WARRIORS,DALLAS MAVERICKS
2021-02-05 01:00:00+00:00,HOUSTON ROCKETS,MEMPHIS GRIZZLIES
2021-02-05 03:00:00+00:00,DENVER NUGGETS,LOS ANGELES LAKERS
2021-02-06 00:00:00+00:00,UTAH JAZZ,CHARLOTTE HORNETS
2021-02-06 00:00:00+00:00,NEW ORLEANS PELICANS,INDIANA PACERS
2021-02-06 00:00:00+00:00,CHICAGO BULLS,ORLANDO MAGIC
2021-02-06 00:30:00+00:00,TORONTO RAPTORS,BROOKLYN NETS
2021-02-06 00:30:00+00:00,MILWAUKEE BUCKS,CLEVELAND CAVALIERS
2021-02-06 01:00:00+00:00,WASHINGTON WIZARDS,MIAMI HEAT
2021-02-06 01:00:00+00:00,MINNESOTA TIMBERWOLVES,OKLAHOMA CITY THUNDER
2021-02-06 02:00:00+00:00,DETROIT PISTONS,PHOENIX SUNS
2021-02-06 03:00:00+00:00,BOSTON CELTICS,LOS ANGELES CLIPPERS
2021-02-06 18:00:00+00:00,PORTLAND TRAIL BLAZERS,NEW YORK KNICKS
2021-02-06 22:00:00+00:00,DENVER NUGGETS,SACRAMENTO KINGS
2021-02-07 00:00:00+00:00,MEMPHIS GRIZZLIES,NEW ORLEANS PELICANS
2021-02-07 00:00:00+00:00,CHICAGO BULLS,ORLANDO MAGIC
2021-02-07 00:00:00+00:00,BROOKLYN NETS,PHILADELPHIA 76ERS
2021-02-07 00:30:00+00:00,TORONTO RAPTORS,ATLANTA HAWKS
2021-02-07 01:00:00+00:00,MILWAUKEE BUCKS,CLEVELAND CAVALIERS
2021-02-07 01:00:00+00:00,SAN ANTONIO SPURS,HOUSTON ROCKETS
2021-02-07 01:00:00+00:00,MINNESOTA TIMBERWOLVES,OKLAHOMA CITY THUNDER
2021-02-07 01:30:00+00:00,GOLDEN STATE WARRIORS,DALLAS MAVERICKS
2021-02-07 03:00:00+00:00,DETROIT PISTONS,LOS ANGELES LAKERS
2021-02-07 18:00:00+00:00,PORTLAND TRAIL BLAZERS,CHARLOTTE HORNETS
2021-02-07 18:00:00+00:00,UTAH JAZZ,INDIANA PACERS
2021-02-07 18:00:00+00:00,MIAMI HEAT,NEW YORK KNICKS
2021-02-07 19:00:00+00:00,BOSTON CELTICS,PHOENIX SUNS
2021-02-07 20:00:00+00:00,SACRAMENTO KINGS,LOS ANGELES CLIPPERS
2021-02-09 00:00:00+00:00,HOUSTON ROCKETS,CHARLOTTE HORNETS
2021-02-09 01:00:00+00:00,WASHINGTON WIZARDS,CHICAGO BULLS
2021-02-09 01:00:00+00:00,TORONTO RAPTORS,MEMPHIS GRIZZLIES
2021-02-09 01:30:00+00:00,MINNESOTA TIMBERWOLVES,DALLAS MAVERICKS
2021-02-09 01:30:00+00:00,GOLDEN STATE WARRIORS,SAN ANTONIO SPURS
2021-02-09 02:00:00+00:00,CLEVELAND CAVALIERS,PHOENIX SUNS
2021-02-09 02:30:00+00:00,MILWAUKEE BUCKS,DENVER NUGGETS
2021-02-09 03:00:00+00:00,OKLAHOMA CITY THUNDER,LOS ANGELES LAKERS
2021-02-10 00:00:00+00:00,BROOKLYN NETS,DETROIT PISTONS
2021-02-10 00:30:00+00:00,NEW YORK KNICKS,MIAMI HEAT
2021-02-10 00:30:00+00:00,HOUSTON ROCKETS,NEW ORLEANS PELICANS
2021-02-10 01:30:00+00:00,GOLDEN STATE WARRIORS,SAN ANTONIO SPURS
2021-02-10 03:00:00+00:00,ORLANDO MAGIC,PORTLAND TRAIL BLAZERS
2021-02-10 03:00:00+00:00,PHILADELPHIA 76ERS,SACRAMENTO KINGS
2021-02-10 03:00:00+00:00,BOSTON CELTICS,UTAH JAZZ
2021-02-11 00:00:00+00:00,TORONTO RAPTORS,WASHINGTON WIZARDS
2021-02-11 00:30:00+00:00,INDIANA PACERS,BROOKLYN NETS
2021-02-11 00:30:00+00:00,ATLANTA HAWKS,DALLAS MAVERICKS
2021-02-11 01:00:00+00:00,NEW ORLEANS PELICANS,CHICAGO BULLS
2021-02-11 01:00:00+00:00,CHARLOTTE HORNETS,MEMPHIS GRIZZLIES
2021-02-11 01:00:00+00:00,LOS ANGELES CLIPPERS,MINNESOTA TIMBERWOLVES
2021-02-11 02:00:00+00:00,CLEVELAND CAVALIERS,DENVER NUGGETS
2021-02-11 03:00:00+00:00,OKLAHOMA CITY THUNDER,LOS ANGELES LAKERS
2021-02-11 03:00:00+00:00,MILWAUKEE BUCKS,PHOENIX SUNS
2021-02-12 00:00:00+00:00,INDIANA PACERS,DETROIT PISTONS
2021-02-12 00:30:00+00:00,MIAMI HEAT,HOUSTON ROCKETS
2021-02-12 03:00:00+00:00,ORLANDO MAGIC,GOLDEN STATE WARRIORS
2021-02-12 03:00:00+00:00,PHILADELPHIA 76ERS,PORTLAND TRAIL BLAZERS
2021-02-13 00:00:00+00:00,MINNESOTA TIMBERWOLVES,CHARLOTTE HORNETS
2021-02-13 00:00:00+00:00,NEW YORK KNICKS,WASHINGTON WIZARDS
2021-02-13 00:30:00+00:00,SAN ANTONIO SPURS,ATLANTA HAWKS
2021-02-13 00:30:00+00:00,TORONTO RAPTORS,BOSTON CELTICS
2021-02-13 00:30:00+00:00,NEW ORLEANS PELICANS,DALLAS MAVERICKS
2021-02-13 01:00:00+00:00,LOS ANGELES CLIPPERS,CHICAGO BULLS
2021-02-13 02:00:00+00:00,OKLAHOMA CITY THUNDER,DENVER NUGGETS
2021-02-13 02:00:00+00:00,MILWAUKEE BUCKS,UTAH JAZZ
2021-02-13 03:00:00+00:00,MEMPHIS GRIZZLIES,LOS ANGELES LAKERS
2021-02-13 03:00:00+00:00,CLEVELAND CAVALIERS,PORTLAND TRAIL BLAZERS
2021-02-13 03:00:00+00:00,ORLANDO MAGIC,SACRAMENTO KINGS
2021-02-13 22:00:00+00:00,PHILADELPHIA 76ERS,PHOENIX SUNS
2021-02-14 00:30:00+00:00,INDIANA PACERS,ATLANTA HAWKS
2021-02-14 00:30:00+00:00,HOUSTON ROCKETS,NEW YORK KNICKS
2021-02-14 01:30:00+00:00,BROOKLYN NETS,GOLDEN STATE WARRIORS
2021-02-14 02:00:00+00:00,MIAMI HEAT,UTAH JAZZ
2021-02-14 20:30:00+00:00,PORTLAND TRAIL BLAZERS,DALLAS MAVERICKS
2021-02-14 23:00:00+00:00,DETROIT PISTONS,BOSTON CELTICS
2021-02-14 23:00:00+00:00,MINNESOTA TIMBERWOLVES,TORONTO RAPTORS
2021-02-15 00:00:00+00:00,SAN ANTONIO SPURS,CHARLOTTE HORNETS
2021-02-15 00:00:00+00:00,MILWAUKEE BUCKS,OKLAHOMA CITY THUNDER
2021-02-15 00:30:00+00:00,LOS ANGELES LAKERS,DENVER NUGGETS
2021-02-15 01:00:00+00:00,ORLANDO MAGIC,PHOENIX SUNS
2021-02-15 02:00:00+00:00,MEMPHIS GRIZZLIES,SACRAMENTO KINGS
2021-02-15 03:00:00+00:00,CLEVELAND CAVALIERS,LOS ANGELES CLIPPERS
2021-02-16 00:00:00+00:00,CHICAGO BULLS,INDIANA PACERS
2021-02-16 00:00:00+00:00,HOUSTON ROCKETS,WASHINGTON WIZARDS
2021-02-16 00:30:00+00:00,ATLANTA HAWKS,NEW YORK KNICKS
2021-02-16 02:00:00+00:00,PHILADELPHIA 76ERS,UTAH JAZZ
2021-02-16 03:00:00+00:00,CLEVELAND CAVALIERS,GOLDEN STATE WARRIORS
2021-02-16 03:00:00+00:00,MIAMI HEAT,LOS ANGELES CLIPPERS
2021-02-16 03:00:00+00:00,BROOKLYN NETS,SACRAMENTO KINGS
2021-02-17 00:00:00+00:00,DENVER NUGGETS,BOSTON CELTICS
2021-02-17 00:00:00+00:00,SAN ANTONIO SPURS,DETROIT PISTONS
2021-02-17 00:30:00+00:00,NEW ORLEANS PELICANS,MEMPHIS GRIZZLIES
2021-02-17 01:00:00+00:00,TORONTO RAPTORS,MILWAUKEE BUCKS
2021-02-17 01:00:00+00:00,LOS ANGELES LAKERS,MINNESOTA TIMBERWOLVES
2021-02-17 01:00:00+00:00,PORTLAND TRAIL BLAZERS,OKLAHOMA CITY THUNDER
2021-02-17 03:00:00+00:00,BROOKLYN NETS,PHOENIX SUNS
2021-02-18 00:00:00+00:00,CHICAGO BULLS,CHARLOTTE HORNETS
2021-02-18 00:00:00+00:00,SAN ANTONIO SPURS,CLEVELAND CAVALIERS
2021-02-18 00:00:00+00:00,NEW YORK KNICKS,ORLANDO MAGIC
2021-02-18 00:00:00+00:00,DENVER NUGGETS,WASHINGTON WIZARDS
2021-02-18 00:30:00+00:00,ATLANTA HAWKS,BOSTON CELTICS
2021-02-18 00:30:00+00:00,HOUSTON ROCKETS,PHILADELPHIA 76ERS
2021-02-18 01:00:00+00:00,INDIANA PACERS,MINNESOTA TIMBERWOLVES
2021-02-18 01:00:00+00:00,PORTLAND TRAIL BLAZERS,NEW ORLEANS PELICANS
2021-02-18 01:30:00+00:00,DETROIT PISTONS,DALLAS MAVERICKS
2021-02-18 03:00:00+00:00,MIAMI HEAT,GOLDEN STATE WARRIORS
2021-02-18 03:00:00+00:00,UTAH JAZZ,LOS ANGELES CLIPPERS
2021-02-19 00:30:00+00:00,TORONTO RAPTORS,MILWAUKEE BUCKS
2021-02-19 03:00:00+00:00,BROOKLYN NETS,LOS ANGELES LAKERS
2021-02-19 03:00:00+00:00,MIAMI HEAT,SACRAMENTO KINGS
2021-02-20 00:00:00+00:00,DENVER NUGGETS,CHARLOTTE HORNETS
2021-02-20 00:00:00+00:00,GOLDEN STATE WARRIORS,ORLANDO MAGIC
2021-02-20 00:00:00+00:00,CHICAGO BULLS,PHILADELPHIA 76ERS
2021-02-20 00:30:00+00:00,ATLANTA HAWKS,BOSTON CELTICS
2021-02-20 01:00:00+00:00,DETROIT PISTONS,MEMPHIS GRIZZLIES
2021-02-20 01:00:00+00:00,OKLAHOMA CITY THUNDER,MILWAUKEE BUCKS
2021-02-20 01:00:00+00:00,TORONTO RAPTORS,MINNESOTA TIMBERWOLVES
2021-02-20 01:00:00+00:00,PHOENIX SUNS,NEW ORLEANS PELICANS
2021-02-20 02:30:00+00:00,DALLAS MAVERICKS,HOUSTON ROCKETS
2021-02-20 03:00:00+00:00,UTAH JAZZ,LOS ANGELES CLIPPERS
2021-02-20 22:00:00+00:00,SAN ANTONIO SPURS,NEW YORK KNICKS
2021-02-21 00:00:00+00:00,GOLDEN STATE WARRIORS,CHARLOTTE HORNETS
2021-02-21 01:00:00+00:00,SACRAMENTO KINGS,CHICAGO BULLS
2021-02-21 01:00:00+00:00,INDIANA PACERS,HOUSTON ROCKETS
2021-02-21 01:00:00+00:00,PHOENIX SUNS,MEMPHIS GRIZZLIES
2021-02-21 01:30:00+00:00,MIAMI HEAT,LOS ANGELES LAKERS
2021-02-21 03:00:00+00:00,WASHINGTON WIZARDS,PORTLAND TRAIL BLAZERS
2021-02-21 20:30:00+00:00,BOSTON CELTICS,NEW ORLEANS PELICANS
2021-02-21 23:00:00+00:00,OKLAHOMA CITY THUNDER,CLEVELAND CAVALIERS
2021-02-21 23:00:00+00:00,DETROIT PISTONS,ORLANDO MAGIC
2021-02-21 23:00:00+00:00,PHILADELPHIA 76ERS,TORONTO RAPTORS
2021-02-22 00:00:00+00:00,MINNESOTA TIMBERWOLVES,NEW YORK KNICKS
2021-02-22 00:30:00+00:00,DENVER NUGGETS,ATLANTA HAWKS
2021-02-22 01:00:00+00:00,BROOKLYN NETS,LOS ANGELES CLIPPERS
2021-02-22 01:00:00+00:00,SACRAMENTO KINGS,MILWAUKEE BUCKS
2021-02-23 00:00:00+00:00,SAN ANTONIO SPURS,INDIANA PACERS
2021-02-23 01:00:00+00:00,CHICAGO BULLS,HOUSTON ROCKETS
2021-02-23 01:00:00+00:00,MIAMI HEAT,OKLAHOMA CITY THUNDER
2021-02-23 01:30:00+00:00,MEMPHIS GRIZZLIES,DALLAS MAVERICKS
2021-02-23 02:00:00+00:00,PORTLAND TRAIL BLAZERS,PHOENIX SUNS
2021-02-23 02:00:00+00:00,CHARLOTTE HORNETS,UTAH JAZZ
2021-02-23 03:00:00+00:00,WASHINGTON WIZARDS,LOS ANGELES LAKERS
2021-02-24 00:00:00+00:00,ATLANTA HAWKS,CLEVELAND CAVALIERS
2021-02-24 00:00:00+00:00,DETROIT PISTONS,ORLANDO MAGIC
2021-02-24 00:30:00+00:00,SACRAMENTO KINGS,BROOKLYN NETS
2021-02-24 00:30:00+00:00,BOSTON CELTICS,DALLAS MAVERICKS
2021-02-24 00:30:00+00:00,GOLDEN STATE WARRIORS,NEW YORK KNICKS
2021-02-24 00:30:00+00:00,PHILADELPHIA 76ERS,TORONTO RAPTORS
2021-02-24 01:00:00+00:00,MINNESOTA TIMBERWOLVES,MILWAUKEE BUCKS
2021-02-24 03:00:00+00:00,PORTLAND TRAIL BLAZERS,DENVER NUGGETS
2021-02-24 03:00:00+00:00,WASHINGTON WIZARDS,LOS ANGELES CLIPPERS
2021-02-25 00:00:00+00:00,GOLDEN STATE WARRIORS,INDIANA PACERS
2021-02-25 00:30:00+00:00,BOSTON CELTICS,ATLANTA HAWKS
2021-02-25 00:30:00+00:00,HOUSTON ROCKETS,CLEVELAND CAVALIERS
2021-02-25 00:30:00+00:00,TORONTO RAPTORS,MIAMI HEAT
2021-02-25 01:00:00+00:00,MINNESOTA TIMBERWOLVES,CHICAGO BULLS
2021-02-25 01:00:00+00:00,DETROIT PISTONS,NEW ORLEANS PELICANS
2021-02-25 01:00:00+00:00,SAN ANTONIO SPURS,OKLAHOMA CITY THUNDER
2021-02-25 02:00:00+00:00,CHARLOTTE HORNETS,PHOENIX SUNS
2021-02-25 03:00:00+00:00,LOS ANGELES LAKERS,UTAH JAZZ
2021-02-26 00:00:00+00:00,DALLAS MAVERICKS,PHILADELPHIA 76ERS
2021-02-26 00:30:00+00:00,ORLANDO MAGIC,BROOKLYN NETS
2021-02-26 00:30:00+00:00,SACRAMENTO KINGS,NEW YORK KNICKS
2021-02-26 01:00:00+00:00,LOS ANGELES CLIPPERS,MEMPHIS GRIZZLIES
2021-02-26 02:00:00+00:00,WASHINGTON WIZARDS,DENVER NUGGETS
2021-02-26 02:30:00+00:00,NEW ORLEANS PELICANS,MILWAUKEE BUCKS
2021-02-27 00:00:00+00:00,SACRAMENTO KINGS,DETROIT PISTONS
2021-02-27 00:30:00+00:00,INDIANA PACERS,BOSTON CELTICS
2021-02-27 00:30:00+00:00,HOUSTON ROCKETS,TORONTO RAPTORS
2021-02-27 01:00:00+00:00,PHOENIX SUNS,CHICAGO BULLS
2021-02-27 01:00:00+00:00,LOS ANGELES CLIPPERS,MEMPHIS GRIZZLIES
2021-02-27 01:00:00+00:00,UTAH JAZZ,MIAMI HEAT
2021-02-27 01:00:00+00:00,ATLANTA HAWKS,OKLAHOMA CITY THUNDER
2021-02-27 03:00:00+00:00,CHARLOTTE HORNETS,GOLDEN STATE WARRIORS
2021-02-27 03:00:00+00:00,PORTLAND TRAIL BLAZERS,LOS ANGELES LAKERS
2021-02-27 20:00:00+00:00,CLEVELAND CAVALIERS,PHILADELPHIA 76ERS
2021-02-27 23:00:00+00:00,NEW ORLEANS PELICANS,SAN ANTONIO SPURS
2021-02-28 00:00:00+00:00,INDIANA PACERS,NEW YORK KNICKS
2021-02-28 00:00:00+00:00,UTAH JAZZ,ORLANDO MAGIC
2021-02-28 00:00:00+00:00,MINNESOTA TIMBERWOLVES,WASHINGTON WIZARDS
2021-02-28 01:00:00+00:00,DENVER NUGGETS,OKLAHOMA CITY THUNDER
2021-02-28 01:30:00+00:00,DALLAS MAVERICKS,BROOKLYN NETS
2021-02-28 20:30:00+00:00,LOS ANGELES CLIPPERS,MILWAUKEE BUCKS
2021-02-28 23:00:00+00:00,NEW YORK KNICKS,DETROIT PISTONS
2021-02-28 23:00:00+00:00,ATLANTA HAWKS,MIAMI HEAT
2021-02-28 23:00:00+00:00,CHICAGO BULLS,TORONTO RAPTORS
2021-03-01 00:00:00+00:00,WASHINGTON WIZARDS,BOSTON CELTICS
2021-03-01 00:00:00+00:00,MEMPHIS GRIZZLIES,HOUSTON ROCKETS
2021-03-01 01:00:00+00:00,GOLDEN STATE WARRIORS,LOS ANGELES LAKERS
2021-03-01 01:00:00+00:00,PHOENIX SUNS,MINNESOTA TIMBERWOLVES
2021-03-01 02:00:00+00:00,CHARLOTTE HORNETS,SACRAMENTO KINGS
2021-03-02 00:00:00+00:00,DALLAS MAVERICKS,ORLANDO MAGIC
2021-03-02 00:00:00+00:00,INDIANA PACERS,PHILADELPHIA 76ERS
2021-03-02 01:00:00+00:00,CLEVELAND CAVALIERS,HOUSTON ROCKETS
2021-03-02 01:00:00+00:00,UTAH JAZZ,NEW ORLEANS PELICANS
2021-03-02 01:00:00+00:00,DENVER NUGGETS,CHICAGO BULLS
2021-03-02 01:30:00+00:00,BROOKLYN NETS,SAN ANTONIO SPURS
2021-03-02 03:30:00+00:00,CHARLOTTE HORNETS,PORTLAND TRAIL BLAZERS
2021-03-03 00:00:00+00:00,MEMPHIS GRIZZLIES,WASHINGTON WIZARDS
2021-03-03 00:30:00+00:00,LOS ANGELES CLIPPERS,BOSTON CELTICS
2021-03-03 00:30:00+00:00,ATLANTA HAWKS,MIAMI HEAT
2021-03-03 00:30:00+00:00,DETROIT PISTONS,TORONTO RAPTORS
2021-03-03 01:00:00+00:00,DENVER NUGGETS,MILWAUKEE BUCKS
2021-03-03 01:30:00+00:00,NEW YORK KNICKS,SAN ANTONIO SPURS
2021-03-03 03:00:00+00:00,PHOENIX SUNS,LOS ANGELES LAKERS
2021-03-04 00:00:00+00:00,INDIANA PACERS,CLEVELAND CAVALIERS
2021-03-04 00:00:00+00:00,ATLANTA HAWKS,ORLANDO MAGIC
2021-03-04 00:00:00+00:00,UTAH JAZZ,PHILADELPHIA 76ERS
2021-03-04 00:30:00+00:00,BROOKLYN NETS,HOUSTON ROCKETS
2021-03-04 01:00:00+00:00,CHARLOTTE HORNETS,MINNESOTA TIMBERWOLVES
2021-03-04 01:00:00+00:00,CHICAGO BULLS,NEW ORLEANS PELICANS
2021-03-04 01:30:00+00:00,OKLAHOMA CITY THUNDER,DALLAS MAVERICKS
2021-03-04 03:00:00+00:00,GOLDEN STATE WARRIORS,PORTLAND TRAIL BLAZERS
2021-03-04 03:00:00+00:00,LOS ANGELES LAKERS,SACRAMENTO KINGS
2021-03-05 00:00:00+00:00,TORONTO RAPTORS,BOSTON CELTICS
2021-03-05 00:00:00+00:00,DENVER NUGGETS,INDIANA PACERS
2021-03-05 00:00:00+00:00,LOS ANGELES CLIPPERS,WASHINGTON WIZARDS
2021-03-05 01:00:00+00:00,MILWAUKEE BUCKS,MEMPHIS GRIZZLIES
2021-03-05 01:30:00+00:00,OKLAHOMA CITY THUNDER,SAN ANTONIO SPURS
2021-03-05 02:30:00+00:00,MIAMI HEAT,NEW ORLEANS PELICANS
2021-03-05 03:00:00+00:00,SACRAMENTO KINGS,PORTLAND TRAIL BLAZERS
